{"cam_mat": [ 1.5546155138978779e+03,                     0, 5.9469957331550347e+02, 
                                   0, 1.5533667336633821e+03, 4.1358614919697311e+02, 
                                   0,                     0,                    1 ],
"dist_coeff" : [-1.2458409910396848e+00, 5.2404959630677475e+00, -5.7959857973344693e-03, 2.8109931875089020e-03, -1.7747280830013128e+01]}

 
